lat,lon
40.23377228,139.96461487
40.22195816,139.95278931
40.22335434,139.95350647
40.23155594,139.95626831
40.22932053,139.97103882
40.23693466,139.94842529
40.22318649,139.97015381
40.22278214,139.96463013
40.23144913,139.93154907
40.23290634,139.95494080
40.22837067,139.95060730
40.24285889,139.96685791
40.22442245,139.96542358
40.22974777,139.94729614
40.23292542,139.96102905
40.22941971,139.95446777
40.22615814,139.93739319
40.23470306,139.94889832
40.23254395,139.96055603
40.23392868,139.95079041
40.22638321,139.96299744
40.22625732,139.94946289
40.23493195,139.95617676
40.23206711,139.94288635
40.22489548,139.95401001
40.23364258,139.96415710
40.22359848,139.94996643
40.22982025,139.97950745
40.24347305,139.96963501
40.21729660,139.96990967
40.22956085,139.94841003
40.22997284,139.93066406
40.22979736,139.96200562
40.22391891,139.96646118
40.22095490,139.97505188
40.23067856,139.93194580
40.23463821,139.95698547
40.22682571,139.95289612
40.22954559,139.96054077
40.23115540,139.96498108
40.23691940,139.94726562
40.22897720,139.95292664
40.22399521,139.96318054
40.22602081,139.95561218
40.22836685,139.96524048
40.22426224,139.95950317
40.22713852,139.95031738
40.23270798,139.93530273
40.24178314,139.97525024
40.22931671,139.93984985
40.22553253,139.94924927
40.23503876,139.96229553
40.23479462,139.97369385
40.22756958,139.95039368
40.23678970,139.94134521
40.23301315,139.95715332
40.22417068,139.94973755
40.22922516,139.96543884
40.21798325,139.96798706
40.23463058,139.93025208
40.24125671,139.94810486
40.22451019,139.97888184
40.23896790,139.96334839
40.22381210,139.96083069
40.22504044,139.95558167
40.23678589,139.95553589
40.21639633,139.96977234
40.23404312,139.95526123
40.22629166,139.94406128
40.23470688,139.94583130
40.23230362,139.94767761
40.22689438,139.98443604
40.24087143,139.98181152
40.22647858,139.96188354
40.23131180,139.94491577
40.22396469,139.96011353
40.22229385,139.96356201
40.22998047,139.94877625
40.22941971,139.95060730
40.22959900,139.93431091
40.22223663,139.95661926
40.22847748,139.97132874
40.23748398,139.95625305
40.22763443,139.93791199
40.23429108,139.95735168
40.22033691,139.94688416
40.23110199,139.96659851
40.23005676,139.94175720
40.21888733,139.97398376
40.22620010,139.96600342
40.22369385,139.94955444
40.22556305,139.96804810
40.22900009,139.97250366
40.24890900,139.95632935
40.22962570,139.96421814
40.22559357,139.96264648
40.23340988,139.94770813
40.22896957,139.95257568
40.24166870,139.96752930
40.22713470,139.95744324
40.22172928,139.96615601
40.22242355,139.97663879
40.23390198,139.95472717
40.23542404,139.97068787
40.22680664,139.94920349
40.22959518,139.94306946
40.22719193,139.95246887
40.23709488,139.95448303
40.22941208,139.97930908
40.23042297,139.93408203
40.22988510,139.94033813
40.22520065,139.94940186
40.22943497,139.96109009
40.23138046,139.95706177
40.22307205,139.95372009
40.23371506,139.98219299
40.23021317,139.95814514
40.24036407,139.95957947
40.22631836,139.93894958
40.24830246,139.95423889
40.23264313,139.95079041
40.24070358,139.94248962
40.22877884,139.93319702
40.23656464,139.95968628
40.22605896,139.95904541
40.22578812,139.96372986
40.23617935,139.96774292
40.22230911,139.94296265
40.22859955,139.95661926
40.22272491,139.96408081
40.23060226,139.95948792
40.24966431,139.97673035
40.20642090,139.99057007
40.24116516,139.96618652
40.22495270,139.93344116
40.22340012,139.93533325
40.23283005,139.96437073
40.23354340,139.95051575
40.23539352,139.95925903
40.22154999,139.96453857
40.22182846,139.95712280
40.22746658,139.95584106
40.25260925,139.97859192
40.23860550,139.95019531
40.22642517,139.93550110
40.22890854,139.97454834
40.22782135,139.95794678
40.23092651,139.94866943
40.22965240,139.92529297
40.23310852,139.97276306
40.24585724,139.96548462
40.23162079,139.96717834
40.23775482,139.97467041
40.22620773,139.93553162
40.24041748,139.96412659
40.22214890,139.96591187
40.23183060,139.94691467
40.22693634,139.94570923
40.24095917,139.98377991
40.22862625,139.95111084
40.23343277,139.96272278
40.22502518,139.94972229
40.22868347,139.94006348
40.23007584,139.94607544
40.23991394,139.95121765
40.23143005,139.97135925
40.23365402,139.94926453
40.23154831,139.94796753
40.22012329,139.95986938
40.22787857,139.96818542
40.22101212,139.96450806
40.22033310,139.96928406
40.22863770,139.91981506
40.23351669,139.96412659
40.22599411,139.94882202
40.22603607,139.95631409
40.23043442,139.95545959
40.22850800,139.95379639
40.22458649,139.95401001
40.22637939,139.95318604
40.22943497,139.97601318
40.23268127,139.94537354
40.23009491,139.94435120
40.23400879,139.95941162
40.22740555,139.96400452
40.22223663,139.97311401
40.22517395,139.95390320
40.22555923,139.96783447
40.22321701,139.95597839
40.24010468,139.95617676
40.22722626,139.95367432
40.22966766,139.95603943
40.23231506,139.95259094
40.22248077,139.96919250
40.22727585,139.98037720
40.21587372,139.96531677
40.23769760,139.95684814
40.23163986,139.94523621
40.22230148,139.96679688
40.22973251,139.94358826
40.22702789,139.95159912
40.23863602,139.97140503
40.24725723,139.95532227
40.22325516,139.97868347
40.23012161,139.97460938
40.22815704,139.94505310
40.24499512,139.95648193
40.23435593,139.95773315
40.21912003,139.95896912
40.22490311,139.94929504
40.22489166,139.95095825
40.23545837,139.96163940
40.23407745,139.96949768
40.23206329,139.93734741
40.23143387,139.93502808
40.22681427,139.95855713
40.23457718,139.94114685
40.23138809,139.95779419
40.22929764,139.94514465
40.24116898,139.93692017
40.22473526,139.96145630
40.23194504,139.96186829
40.23376846,139.95857239
40.21765137,139.97805786
40.23340988,139.94119263
40.22853851,139.95021057
40.24485397,139.95759583
40.22225189,139.98312378
40.23035812,139.97142029
40.22674561,139.96911621
40.23138428,139.95436096
40.23424911,139.96382141
40.23522186,139.96046448
40.24256134,139.96252441
40.21514893,139.96150208
40.22668839,139.93676758
40.22734451,139.95826721
40.25015640,139.97796631
40.23641205,139.99082947
40.23572540,139.97793579
40.22310257,139.94538879
40.23234177,139.95170593
40.21940231,139.95085144
40.22977448,139.96313477
40.22692490,139.94396973
40.23596191,139.95512390
40.23422241,139.96246338
40.22225189,139.95466614
40.23298264,139.94606018
40.22723770,139.96669006
40.22609329,139.95578003
40.22814941,139.95179749
40.23238754,139.98332214
40.23318481,139.97514343
40.22460938,139.97018433
40.23278427,139.98208618
40.23384476,139.92237854
40.22877884,139.97602844
40.23094177,139.95310974
40.21945190,139.95660400
40.22908401,139.94038391
40.23968887,139.94989014
40.23077011,139.94483948
40.22488022,139.95388794
40.22687912,139.94763184
40.22826385,139.94815063
40.23011398,139.91938782
40.24332428,139.96559143
40.23031616,139.93910217
40.23038101,139.95970154
40.22355652,139.95918274
40.23409271,139.94505310
40.23212433,139.96240234
40.23125076,139.95944214
40.23820877,139.95491028
40.21587372,139.97926331
40.23221970,139.94465637
40.23291779,139.97143555
40.24069977,139.96783447
40.23054886,139.94099426
40.22594070,139.94429016
40.23125839,139.95138550
40.23984146,139.95243835
40.24009323,139.95671082
40.22365189,139.97602844
40.22049713,139.96420288
40.23199844,139.96966553
40.23298264,139.95916748
40.25415802,139.95437622
40.22881317,139.94253540
40.22260666,139.95425415
40.24060440,139.97091675
40.22334671,139.98117065
40.23533249,139.94596863
40.22021866,139.96287537
40.23638535,139.95172119
40.22950745,139.93988037
40.23652267,139.96765137
40.22924423,139.95239258
40.22843170,139.93768311
40.22227097,139.97669983
40.24011230,139.96292114
40.22978592,139.97225952
40.23328781,139.94998169
40.24257660,139.96548462
40.22895432,139.94555664
40.22266006,139.94830322
40.22873306,139.94931030
40.23579025,139.94366455
40.22748947,139.94032288
40.23360825,139.94790649
40.22554779,139.95043945
40.23452759,139.97866821
40.22231674,139.96006775
40.22891617,139.94480896
40.23063278,139.94252014
40.23063660,139.95939636
40.23627853,139.95895386
40.21318054,139.97027588
40.23435211,139.97334290
40.22019196,139.94123840
40.23526764,139.96264648
40.22981644,139.95368958
40.23183823,139.95413208
40.23709488,139.94444275
40.22643661,139.94702148
40.22257614,139.94606018
40.21903229,139.97868347
40.23345947,139.94647217
40.22750854,139.95416260
40.24016571,139.97479248
40.24068069,139.96762085
40.22743607,139.94309998
40.22700882,139.95918274
40.22522354,139.94364929
40.22460938,139.95297241
40.22417450,139.93168640
40.23353195,139.96327209
40.23093414,139.94975281
40.22722626,139.94769287
40.22978210,139.95372009
40.23607254,139.96221924
40.22378159,139.96043396
40.23013306,139.94966125
40.22194290,139.98175049
40.24668884,139.95399475
40.23072433,139.95242310
40.23672104,139.96054077
40.23022079,139.95906067
40.22486115,139.93959045
40.23720169,139.96377563
40.23152924,139.94233704
40.23623276,139.96197510
40.22876358,139.96165466
40.23137283,139.97322083
40.22640991,139.98022461
40.22634125,139.95037842
40.23165512,139.95895386
40.22804260,139.95834351
40.23567581,139.95956421
40.23064041,139.94662476
40.22947693,139.95228577
40.23303986,139.93273926
40.23505402,139.96049500
40.21927643,139.95440674
40.23247147,139.94783020
40.22293472,139.95158386
40.23436356,139.94497681
40.21839523,139.97293091
40.23311615,139.94638062
40.22460938,139.95214844
40.22798538,139.96784973
40.23071289,139.94445801
40.22938919,139.96438599
40.23638535,139.97134399
40.22504425,139.98124695
40.22545242,139.95742798
40.23619461,139.96234131
40.22670746,139.93669128
40.23398972,139.96755981
40.22878265,139.93276978
40.22978592,139.96688843
40.24564362,139.97062683
40.23006439,139.94863892
40.22885895,139.94248962
40.23664856,139.94841003
40.22544479,139.96055603
40.22360229,139.94897461
40.22768021,139.95645142
40.22905731,139.94444275
40.22774506,139.95883179
40.22094345,139.94541931
40.22660828,139.97631836
40.22215652,139.94367981
40.24111176,139.95890808
40.23439407,139.97572327
40.23770142,139.96455383
40.22294998,139.95823669
40.23437881,139.95425415
40.24094009,139.94319153
40.22890854,139.93899536
40.23059082,139.95457458
40.24545288,139.95130920
40.23246002,139.95671082
40.24572372,139.96260071
40.24665451,139.95690918
40.22955704,139.95367432
40.23808670,139.95642090
40.23027802,139.98245239
40.23732376,139.95509338
40.22823715,139.94572449
40.23181152,139.96186829
40.22303009,139.95216370
40.23134995,139.93914795
40.22842407,139.94689941
40.22636795,139.96910095
40.22682571,139.96781921
40.23171234,139.94299316
40.22425079,139.95985413
40.23085785,139.96122742
40.22582626,139.94458008
40.24387741,139.94854736
40.23162842,139.94950867
40.23532104,139.96846008
40.23031998,139.95706177
40.22424316,139.95126343
40.22374344,139.95159912
40.22991943,139.95156860
40.22924805,139.94477844
40.22488022,139.94898987
40.23579788,139.94766235
40.23019791,139.94050598
40.23268127,139.98051453
40.22896194,139.93212891
40.22797394,139.95402527
40.22807312,139.93771362
40.23003006,139.96725464
40.24019241,139.95277405
40.22331619,139.95785522
40.22459793,139.95913696
40.23239517,139.96827698
40.22463608,139.96824646
40.22797394,139.94285583
40.24417877,139.96228027
40.22414017,139.96324158
40.22460175,139.94851685
40.22060776,139.95411682
40.23987198,139.95167542
40.22763443,139.96133423
40.23035431,139.95094299
40.23427200,139.97062683
40.22925568,139.92663574
40.22291183,139.96829224
40.21784592,139.96337891
40.23760986,139.96160889
40.23343658,139.96356201
40.23763657,139.96066284
40.22952652,139.93884277
40.22765350,139.95799255
40.23758698,139.95547485
40.22036743,139.97349548
40.24197006,139.95184326
40.22637939,139.95603943
40.23129654,139.95484924
40.22310257,139.94447327
40.23057938,139.96376038
40.22908020,139.94403076
40.22092819,139.97576904
40.23828506,139.95642090
40.22615051,139.95401001
40.23543167,139.95030212
40.22448730,139.96627808
40.21558762,139.95384216
40.22928619,139.95431519
40.23311615,139.95326233
40.23040009,139.94670105
40.21656036,139.97474670
40.22822189,139.96159363
40.22283554,139.96131897
40.21728897,139.96028137
40.22869492,139.94653320
40.22991943,139.96469116
40.23207474,139.96458435
40.22269440,139.95341492
40.23120880,139.96806335
40.23464584,139.97434998
40.22910309,139.95468140
40.22936630,139.94009399
40.22915268,139.95559692
40.23960495,139.96202087
40.23007584,139.94631958
40.22451019,139.97749329
40.22697830,139.96391296
40.22839355,139.93617249
40.22539520,139.96119690
40.23134995,139.94995117
40.23152161,139.95086670
40.22668839,139.97544861
40.23231506,139.95718384
40.23937607,139.95338440
40.22730255,139.96292114
40.23945236,139.95547485
40.23609543,139.94609070
40.23217010,139.93200684
40.23289490,139.95893860
40.23456192,139.96466064
40.23318100,139.96008301
40.23540878,139.94557190
40.22703552,139.93724060
40.22035980,139.96173096
40.22729492,139.94549561
40.22071838,139.97251892
40.23591614,139.95661926
40.21205139,139.98803711
40.22250748,139.95159912
40.23008728,139.98239136
40.23301315,139.96113586
40.22299194,139.96629333
40.22595215,139.96522522
40.22960281,139.95637512
40.22624207,139.94099426
40.25104141,139.96688843
40.21679306,139.95904541
40.23069763,139.94340515
40.22779846,139.94985962
40.23285675,139.96171570
40.23629761,139.95207214
40.22081757,139.97001648
40.22555923,139.95231628
40.22408295,139.95425415
40.22970963,139.93544006
40.23113632,139.94525146
40.23612595,139.97607422
40.22327805,139.98805237
40.21797943,139.97250366
40.22517014,139.96405029
40.22912216,139.95187378
40.22409058,139.93919373
40.22588348,139.94680786
40.22624207,139.95674133
40.22549820,139.96229553
40.23302078,139.94654846
40.22459030,139.93782043
40.23580551,139.95346069
40.23184586,139.93952942
40.23671341,139.96049500
40.22605896,139.93595886
40.22485733,139.95561218
40.22387695,139.94180298
40.22911835,139.95552063
40.23143768,139.96151733
40.23243332,139.96658325
40.22368240,139.95869446
40.22850800,139.94885254
40.22524643,139.93879700
40.23752975,139.94816589
40.22561646,139.96697998
40.22813797,139.95652771
40.22141266,139.96266174
40.23496246,139.95579529
40.23297119,139.96508789
40.23258972,139.95913696
40.23829651,139.95848083
40.23979187,139.95298767
40.22689438,139.94978333
40.21708679,139.94866943
40.21815109,139.98117065
40.23131943,139.95130920
40.23022842,139.94851685
40.22333527,139.95088196
40.23855209,139.96385193
40.22234726,139.95747375
40.23180771,139.95968628
40.22959137,139.94874573
40.22969437,139.95787048
40.23028564,139.96974182
40.22642899,139.94551086
40.22678375,139.92056274
40.22113800,139.95338440
40.22723770,139.96336365
40.23864365,139.96261597
40.22493744,139.96284485
40.23044205,139.96177673
40.22185516,139.95715332
40.23011398,139.94320679
40.22585297,139.94203186
40.22719574,139.95196533
40.22973633,139.93264771
40.23450851,139.96186829
40.22574234,139.97145081
40.23998260,139.98818970
40.22303391,139.94190979
40.22961044,139.93214417
40.23416901,139.94682312
40.22582245,139.93894958
40.22519302,139.95199585
40.23204803,139.93998718
40.22349930,139.95576477
40.22448349,139.94061279
40.23058701,139.96040344
40.22932053,139.94548035
40.23697281,139.95497131
40.22035599,139.96791077
40.22860718,139.95820618
40.23307419,139.97015381
40.23415756,139.96520996
40.22766876,139.94511414
40.22294998,139.95460510
40.22414780,139.95022583
40.22814941,139.96119690
40.22426224,139.97760010
40.23408890,139.96488953
40.22890854,139.94947815
40.23533630,139.94790649
40.22474289,139.96131897
40.22916794,139.96742249
40.22625732,139.96653748
40.23186493,139.93554688
40.23416901,139.96469116
40.23201370,139.94410706
40.22414017,139.95616150
40.23128128,139.95220947
40.23395920,139.96183777
40.23277664,139.95599365
40.22506714,139.96505737
40.22974014,139.94137573
40.22013092,139.96086121
40.22670746,139.94209290
40.23328018,139.96925354
40.23529434,139.94857788
40.23299408,139.95246887
40.22502899,139.96217346
40.22327042,139.94354248
40.22751617,139.96470642
40.22302246,139.95536804
40.22866058,139.93095398
40.23149872,139.96258545
40.23000717,139.94396973
40.23423004,139.96498108
40.23797989,139.94662476
40.23592377,139.95027161
40.23182297,139.96726990
40.22742462,139.94683838
40.22885895,139.93859863
40.22442627,139.95439148
40.22886276,139.94644165
40.23252487,139.95246887
40.23288727,139.94873047
40.22670746,139.97460938
40.22780228,139.94351196
40.23989487,139.95295715
40.23725510,139.96362305
40.23092651,139.93446350
40.22409439,139.95986938
40.23039627,139.94421387
40.22727966,139.94247437
40.22320557,139.95103455
40.23484421,139.95748901
40.22625351,139.95088196
40.22798157,139.95295715
40.23582458,139.95312500
40.23289108,139.93798828
40.22423935,139.95979309
40.22757339,139.98173523
40.23123169,139.95428467
40.22865295,139.95460510
40.23590851,139.96418762
40.22801971,139.95019531
40.22468567,139.96833801
40.22874451,139.95320129
40.23576355,139.94003296
40.22784805,139.94989014
40.22672653,139.95622253
40.21725082,139.96327209
40.22311020,139.94355774
40.23455048,139.94674683
40.22864532,139.98147583
40.23224640,139.96678162
40.23014069,139.95289612
40.22029495,139.96302795
40.22751999,139.93984985
40.23217010,139.96693420
40.24237061,139.95845032
40.22988129,139.96978760
40.23625565,139.97918701
40.23329163,139.94462585
40.22300339,139.94752502
40.22066879,139.96954346
40.22630692,139.95758057
40.23148346,139.94520569
40.22552490,139.95805359
40.22820663,139.96432495
40.23022842,139.94491577
40.22687149,139.95426941
40.22075272,139.93734741
40.22124100,139.96380615
40.21857452,139.96255493
40.23270798,139.93424988
40.22421265,139.93515015
40.22465897,139.96795654
40.23432922,139.96058655
40.24460220,139.95945740
40.22801971,139.93902588
40.23008728,139.95278931
40.22982025,139.93449402
40.23063660,139.95555115
40.23188400,139.94058228
40.23406219,139.95855713
40.22251892,139.98341370
40.23905182,139.98916626
40.23101807,139.95117188
40.22327423,139.94331360
40.23706818,139.96302795
40.22665787,139.96783447
40.22919083,139.94346619
40.23697662,139.96531677
40.22810364,139.96403503
40.23155594,139.94474792
40.22472763,139.96817017
40.22891617,139.95693970
40.23657608,139.94360352
40.23028946,139.95520020
40.22645950,139.95167542
40.23397064,139.96841431
40.22589874,139.94656372
40.24011612,139.96339417
40.22543335,139.94451904
40.23016357,139.98002625
40.22509384,139.95509338
40.22270966,139.96620178
40.21664047,139.97309875
40.21980667,139.95202637
40.23287582,139.96983337
40.22573090,139.95967102
40.23610306,139.97212219
40.22961044,139.94857788
40.23933792,139.96362305
40.23486710,139.95971680
40.22538757,139.93492126
40.23005295,139.95341492
40.23066711,139.95089722
40.22452927,139.96134949
40.23270798,139.95285034
40.23426819,139.96269226
40.22074890,139.95568848
40.23297501,139.96241760
40.24409866,139.97813416
40.22968674,139.94015503
40.22732544,139.94500732
40.22987747,139.95970154
40.23129654,139.94947815
40.22410965,139.96363831
40.22464371,139.94705200
40.23389053,139.94804382
40.23251724,139.95379639
40.23599243,139.95358276
40.23869705,139.97219849
40.22815323,139.95603943
40.22956848,139.95593262
40.23545837,139.95965576
40.22232056,139.96130371
40.22605896,139.95329285
40.22728348,139.95657349
40.23048019,139.95141602
40.22637558,139.92962646
40.23917389,139.97438049
40.22920990,139.94381714
40.23283386,139.96282959
40.23421097,139.95953369
40.23078156,139.96978760
40.22665024,139.94013977
40.22809219,139.95968628
40.24299622,139.97189331
40.23350525,139.95314026
40.22790909,139.94841003
40.23016357,139.96347046
40.23415375,139.96583557
40.22983932,139.94058228
40.21475601,139.98274231
40.23161316,139.94030762
40.23025131,139.96545410
40.22694397,139.93727112
40.22511292,139.97235107
40.22887039,139.94343567
40.22689819,139.93693542
40.22682953,139.96577454
40.23415375,139.97528076
40.23389816,139.94181824
40.23041153,139.92575073
40.21704102,139.97053528
40.23884583,139.96630859
40.24012756,139.97174072
40.22596741,139.95166016
40.24071121,139.95188904
40.23104858,139.94772339
40.23482513,139.96194458
40.23078156,139.96502686
40.22674179,139.97215271
40.22618103,139.95794678
40.23221207,139.94386292
40.22511292,139.94387817
40.22488403,139.95060730
40.21873093,139.97627258
40.24409485,139.96093750
40.23034668,139.93338013
40.22821045,139.94303894
40.23220444,139.96488953
40.22829819,139.93853760
40.22050858,139.97164917
40.22969818,139.97590637
40.22647858,139.96147156
40.22748184,139.95063782
40.22679138,139.96334839
40.22813797,139.95666504
40.22861481,139.94656372
40.22243118,139.96337891
40.23209763,139.95544434
40.23223495,139.93911743
40.22928238,139.93067932
40.22373962,139.96240234
40.23044968,139.94964600
40.22915268,139.93835449
40.22608948,139.95378113
40.23958588,139.97155762
40.22878265,139.93302917
40.20415878,139.96485901
40.22894669,139.95188904
40.23750687,139.97839355
40.23368073,139.95491028
40.22879791,139.94845581
40.22653198,139.96414185
40.23274231,139.95764160
40.23147583,139.93971252
40.23991776,139.95570374
40.23151016,139.97695923
40.23309708,139.94834900
40.23708344,139.96559143
40.22298431,139.96229553
40.22775650,139.95700073
40.23921204,139.97576904
40.23553085,139.95433044
40.23721313,139.95896912
40.22224045,139.94905090
40.23684692,139.96537781
40.22876740,139.95915222
40.23703003,139.96562195
40.22257233,139.95739746
40.22509003,139.96809387
40.22162247,139.98025513
40.23136520,139.95738220
40.22844696,139.96817017
40.23620224,139.95935059
40.22836685,139.96992493
40.23274231,139.95298767
40.22565079,139.94712830
40.23562622,139.95727539
40.22336197,139.95266724
40.22682953,139.97904968
40.22278595,139.96127319
40.21260452,139.97111511
40.22991180,139.93562317
40.23068619,139.94911194
40.22859573,139.94445801
40.24150085,139.95491028
40.22695923,139.94261169
40.22640991,139.94992065
40.22843933,139.93974304
40.22358704,139.96429443
40.23712540,139.93891907
40.23644638,139.95376587
40.22803497,139.94575500
40.22784805,139.95726013
40.22751236,139.95812988
40.23217773,139.97036743
40.22397232,139.97964478
40.22758865,139.97323608
40.23219681,139.95867920
40.22528458,139.94345093
40.21944427,139.99023438
40.23398209,139.95375061
40.22637939,139.94487000
40.23657990,139.95425415
40.23310471,139.95610046
40.23708344,139.94866943
40.22689819,139.96784973
40.22847366,139.95318604
40.21318436,139.97808838
40.23649979,139.97987366
40.23558426,139.93997192
40.23048019,139.96650696
40.22951889,139.96133423
40.22447586,139.96415710
40.22585678,139.96684265
40.22919846,139.94631958
40.24195099,139.95484924
40.23238754,139.94514465
40.23459625,139.97253418
40.24335098,139.96421814
40.22933578,139.96653748
40.22951508,139.93395996
40.23896027,139.95779419
40.22420120,139.95738220
40.22690964,139.95167542
40.21663666,139.98345947
40.22196579,139.98077393
40.23868561,139.95210266
40.23323059,139.96859741
40.22678757,139.96331787
40.22769165,139.96252441
40.24371338,139.96325684
40.23721695,139.94743347
40.23690796,139.95669556
40.21975708,139.97863770
40.24092865,139.97296143
40.22792816,139.93698120
40.23838043,139.98515320
40.23392868,139.95098877
40.23313141,139.95202637
40.23716736,139.98811340
40.21260071,139.97084045
40.22770691,139.93807983
40.23194122,139.94804382
40.22613525,139.94619751
40.23223495,139.95718384
40.22823715,139.95265198
40.23041153,139.95628357
40.23632050,139.96484375
40.21260452,140.00077820
40.22626114,139.95809937
40.23418427,139.94131470
40.22506714,139.94488525
40.22472000,139.96018982
40.23509979,139.97485352
40.23405075,139.96824646
40.23373795,139.95297241
40.22674561,139.97866821
40.23418045,139.96363831
40.23314285,139.95649719
40.22626495,139.94715881
40.23017120,139.94059753
40.23134232,139.94676208
40.22901154,139.95567322
40.24530029,139.96188354
40.23006439,139.98365784
40.22883606,139.94468689
40.22214890,139.94335938
40.22483444,139.94659424
40.22367096,139.95648193
40.23950958,139.97189331
40.22754669,139.94186401
40.23817825,139.97688293
40.23134613,139.96464539
40.22888947,139.94664001
40.21068954,139.96455383
40.22927856,139.94914246
40.22848892,139.93986511
40.23043442,139.95281982
40.23407745,139.93600464
40.23358154,139.95892334
40.23199081,139.94812012
40.23586273,139.95684814
40.23401642,139.97296143
40.21979523,139.95486450
40.23759460,139.94454956
40.22750854,139.98948669
40.23041916,139.94842529
40.22853851,139.95034790
40.23305893,139.96940613
40.22238922,139.95579529
40.24021530,139.95713806
40.24432755,139.95320129
40.23098373,139.95947266
40.21957016,139.96531677
40.22969818,139.95175171
40.24088669,139.95321655
40.22808456,139.95530701
40.23600388,139.96136475
40.23066330,139.96383667
40.22708893,139.96023560
40.22374344,139.95915222
40.21883392,139.95372009
40.23329544,139.95486450
40.22275162,139.95387268
40.22217178,139.94398499
40.22825623,139.96383667
40.22361374,139.95510864
40.24120712,139.95236206
40.23259354,139.94226074
40.23857498,139.97776794
40.22778702,139.94729614
40.23186493,139.95109558
40.23722076,139.97409058
40.23292923,139.96502686
40.22925186,139.93899536
40.22058105,139.95967102
40.22739410,139.94932556
40.21690750,139.97099304
40.22559357,139.95722961
40.22518539,139.96224976
40.22738266,139.94923401
40.22769928,139.94892883
40.23124695,139.94903564
40.22688675,139.95243835
40.22340012,139.94967651
40.23974228,139.96626282
40.22087097,139.95840454
40.22455215,139.98127747
40.22656250,139.94723511
40.21435165,139.97450256
40.23370361,139.94438171
40.23582077,139.95480347
40.22505188,139.94543457
40.21927261,139.95944214
40.23560333,139.94686890
40.22942734,139.96060181
40.23093033,139.94931030
40.22776031,139.94955444
40.22920990,139.94831848
40.21697998,139.96665955
40.22726440,139.93412781
40.22645950,139.95523071
40.22459793,139.97589111
40.24393082,139.97175598
40.23176956,139.95565796
40.22803116,139.94895935
40.23504257,139.96049500
40.23544693,139.94889832
40.23267746,139.95684814
40.23706436,139.95587158
40.23942566,139.98068237
40.22488785,139.95307922
40.23247528,139.93777466
40.22417831,139.96115112
40.23759842,139.96510315
40.22839737,139.96342468
40.24338150,139.95613098
40.22652054,139.92913818
40.22609329,139.94091797
40.23567963,139.94102478
40.22325134,139.95159912
40.22741318,139.92396545
40.22517776,139.93905640
40.22983170,139.94471741
40.23084641,139.95260620
40.23632050,139.95985413
40.23210526,139.94491577
40.22990417,139.93466187
40.23422241,139.96409607
40.23235703,139.95494080
40.22781754,139.96546936
40.23368835,139.95924377
40.24003220,139.96488953
40.22653198,139.95745850
40.21713638,139.98692322
40.23220444,139.97146606
40.24366379,139.95922852
40.22399902,139.94020081
40.22555161,139.97438049
40.22278214,139.97583008
40.22211838,139.96316528
40.22891617,139.95018005
40.21958923,139.96571350
40.23025513,139.94084167
40.23658752,139.94860840
40.22804642,139.94549561
40.21883392,139.97254944
40.23506165,139.99288940
40.24230576,139.96940613
40.23950577,139.95658875
40.22382355,139.96630859
40.22635269,139.95727539
40.22571182,139.94763184
40.23650742,139.95094299
40.22521210,139.95684814
40.23057556,139.94717407
40.23143768,139.95954895
40.22532654,139.94873047
40.22040176,139.97134399
40.23031616,139.95790100
40.22687149,139.95391846
40.22851562,139.96089172
40.22438049,139.94923401
40.22750854,139.97238159
40.22644806,139.98016357
40.23664856,139.95951843
40.22682190,139.95056152
40.22636032,139.95025635
40.22739410,139.95082092
40.23740768,139.94935608
40.22497177,139.96156311
40.23646927,139.96057129
40.23146439,139.96025085
40.23057556,139.95626831
40.22271729,139.95208740
40.23744583,139.96438599
40.23636246,139.95390320
40.23275375,139.97120667
40.22824478,139.95181274
40.23511505,139.94749451
40.23305130,139.94602966
40.23822021,139.94450378
40.23532867,139.94625854
40.22964478,139.95024109
40.22149658,139.97778320
40.22887802,139.96112061
40.22718430,139.95928955
40.23540878,139.94641113
40.22768784,139.94996643
40.21961975,139.96276855
40.23155212,139.94229126
40.22636032,139.95446777
40.22658157,139.94766235
40.23171234,139.95364380
40.23566818,139.95481873
40.23046875,139.96276855
40.24066162,139.95549011
40.22595596,139.95080566
40.22382736,139.92405701
40.22424698,139.97479248
40.22987366,139.95120239
40.22662735,139.95881653
40.22930908,139.95687866
40.23758316,139.97198486
40.21624756,139.97319031
40.23129654,139.94291687
40.23722076,139.95509338
40.22929001,139.94519043
40.22618484,139.93920898
40.22985077,139.94709778
40.23453903,139.95277405
40.23390579,139.95565796
40.23225784,139.95372009
40.22295761,139.96305847
40.23285294,139.94920349
40.23217010,139.96849060
40.22899246,139.93875122
40.24178314,139.95240784
40.22465134,139.94126892
40.23873520,139.97605896
40.23859406,139.96249390
40.23382568,139.95355225
40.22633362,139.93666077
40.22910309,139.94195557
40.24086380,139.96945190
40.23083115,139.97135925
40.23693085,139.95252991
40.23807526,139.95283508
40.23339844,139.94129944
40.21078110,139.95494080
40.22375870,139.95710754
40.22505569,139.94692993
40.22755432,139.94100952
40.22579575,139.96679688
40.22803879,139.93559265
40.23032379,139.97058105
40.22062683,139.95132446
40.22634506,139.95968628
40.23117828,139.94883728
40.22978210,139.95173645
40.22639084,139.93894958
40.22086334,139.96572876
40.22888565,139.96795654
40.23710632,139.94941711
40.23109055,139.95613098
40.23645020,139.95666504
40.22625351,139.95245361
40.22574997,139.95248413
40.23606873,139.96478271
40.22272873,139.94834900
40.23608017,139.95779419
40.23197556,139.94543457
40.23156357,139.94953918
40.23075104,139.94207764
40.23099136,139.95318604
40.23670959,139.95494080
40.22179413,139.94740295
40.23401260,139.96357727
40.23161697,139.96472168
40.22671509,139.98318481
40.22121048,139.96919250
40.22963333,139.91781616
40.23278046,139.95597839
40.23300552,139.96961975
40.23172379,139.96759033
40.23110580,139.94827271
40.22553253,139.94447327
40.22935104,139.94978333
40.23354340,139.95796204
40.24035263,139.95127869
40.21835327,139.96704102
40.22207260,139.96696472
40.23117447,139.96350098
40.22802734,139.93731689
40.23091125,139.95234680
40.23934937,139.97132874
40.21900177,139.96905518
40.23109055,139.94923401
40.22052765,139.96467590
40.23929977,139.95730591
40.23490906,139.93583679
